sample_id,system_class_id,system_class_name,sensor_fault_id,sensor_fault_name,severity,replicate_idx,flag_CO2_warn,flag_CO2_crit,flag_O2_warn_low,flag_O2_crit_low,flag_P_warn,flag_P_crit
0,0,Nominal,0,None,0.0346383746421098,0,False,False,False,False,False,False
1,0,Nominal,0,None,0.07317331774117265,1,False,False,False,False,False,False
2,0,Nominal,0,None,0.0,2,False,False,False,False,False,False
3,0,Nominal,0,None,0.06885203559632158,3,False,False,False,False,False,False
4,0,Nominal,0,None,0.0,4,False,False,False,False,False,False
5,0,Nominal,0,None,0.03999061731900789,5,False,False,False,False,False,False
6,0,Nominal,0,None,0.12349864869326553,6,False,False,False,False,False,False
7,0,Nominal,0,None,0.0,7,False,False,False,False,False,False
8,0,Nominal,0,None,0.018987818968162422,8,False,False,False,False,False,False
9,0,Nominal,4,Spike_Outliers,0.09123920387392653,9,False,False,False,False,False,False
10,0,Nominal,0,None,0.11989072507515933,10,False,False,False,False,False,False
11,0,Nominal,2,High_Noise,0.12391924306470774,11,False,False,False,False,False,False
12,0,Nominal,0,None,0.013255925038208799,12,False,False,False,False,False,False
13,0,Nominal,0,None,0.01714021986172931,13,False,False,False,False,False,False
14,0,Nominal,0,None,0.02620554312351496,14,False,False,False,False,False,False
15,0,Nominal,0,None,0.14396574243026608,15,False,False,False,False,False,False
16,0,Nominal,1,Bias_Drift,0.0,16,False,False,False,False,False,False
17,0,Nominal,0,None,0.16340107169741708,17,False,False,False,False,False,False
18,0,Nominal,4,Spike_Outliers,0.1874977877519811,18,True,True,False,False,False,False
19,0,Nominal,4,Spike_Outliers,0.18004976810067536,19,False,False,False,False,False,False
20,0,Nominal,0,None,0.12798451170170239,20,False,False,False,False,False,False
21,0,Nominal,0,None,0.07895212709551533,21,False,False,False,False,False,False
22,0,Nominal,0,None,0.1891352222815798,22,False,False,False,False,False,False
23,0,Nominal,0,None,0.27643510025567,23,False,False,False,False,False,False
24,0,Nominal,0,None,0.18876693578950726,24,False,False,False,False,False,False
25,0,Nominal,0,None,0.1851248891396685,25,False,False,False,False,False,False
26,0,Nominal,0,None,0.31397145217844813,26,False,False,False,False,False,False
27,0,Nominal,0,None,0.24540587573078446,27,False,False,False,False,False,False
28,0,Nominal,0,None,0.26520005215442777,28,False,False,False,False,False,False
29,0,Nominal,0,None,0.24985838133007657,29,False,False,False,False,False,False
30,0,Nominal,0,None,0.21511450484927525,30,False,False,False,False,False,False
31,0,Nominal,0,None,0.20424786318461133,31,False,False,False,False,False,False
32,0,Nominal,0,None,0.18432800259623122,32,False,False,False,False,False,False
33,0,Nominal,0,None,0.3765706226364771,33,False,False,False,False,False,False
34,0,Nominal,0,None,0.0793842663248685,34,False,False,False,False,False,False
35,0,Nominal,0,None,0.32983296529013933,35,False,False,False,False,False,False
36,0,Nominal,0,None,0.183517058950336,36,False,False,False,False,False,False
37,0,Nominal,0,None,0.4883072868204402,37,False,False,False,False,False,False
38,0,Nominal,0,None,0.3214118702460284,38,False,False,False,False,False,False
39,0,Nominal,0,None,0.34538447358773333,39,False,False,False,False,False,False
40,0,Nominal,0,None,0.43392651212956357,40,False,False,False,False,False,False
41,0,Nominal,0,None,0.2248180766360753,41,False,False,False,False,False,False
42,0,Nominal,0,None,0.3242592262758683,42,False,False,False,False,False,False
43,0,Nominal,0,None,0.42261093218256485,43,False,False,False,False,False,False
44,0,Nominal,0,None,0.44246301140433897,44,False,False,False,False,False,False
45,0,Nominal,0,None,0.46000046618634627,45,False,False,False,False,False,False
46,0,Nominal,0,None,0.3564766799118488,46,False,False,False,False,False,False
47,0,Nominal,0,None,0.415849980259634,47,False,False,False,False,False,False
48,0,Nominal,0,None,0.5050491299610107,48,False,False,False,False,False,False
49,0,Nominal,0,None,0.49705929757175055,49,False,False,False,False,False,False
50,0,Nominal,0,None,0.45579781957046084,50,False,False,False,False,False,False
51,0,Nominal,0,None,0.3438954045952279,51,False,False,False,False,False,False
52,0,Nominal,0,None,0.46353055233083773,52,False,False,False,False,False,False
53,0,Nominal,0,None,0.6625973009907442,53,False,False,False,False,False,False
54,0,Nominal,0,None,0.3115615134679772,54,False,False,False,False,False,False
55,0,Nominal,0,None,0.434860141973828,55,False,False,False,False,False,False
56,0,Nominal,3,Partial_Freeze,0.34313525963237834,56,False,False,False,False,False,False
57,0,Nominal,0,None,0.4579050434265757,57,False,False,False,False,False,False
58,0,Nominal,0,None,0.45017447032415436,58,False,False,False,False,False,False
59,0,Nominal,2,High_Noise,0.46403421143286033,59,False,False,False,False,False,False
60,0,Nominal,0,None,0.4259885056601611,60,False,False,False,False,False,False
61,0,Nominal,0,None,0.5820253836862402,61,False,False,False,False,False,False
62,0,Nominal,0,None,0.6097857153421771,62,False,False,False,False,False,False
63,0,Nominal,0,None,0.5690364281593171,63,False,False,False,False,False,False
64,0,Nominal,0,None,0.5897342042849893,64,False,False,False,False,False,False
65,0,Nominal,3,Partial_Freeze,0.5055667615906134,65,False,False,False,False,False,False
66,0,Nominal,0,None,0.3907579210280213,66,False,False,False,False,False,False
67,0,Nominal,0,None,0.5900582994979304,67,False,False,False,False,False,False
68,0,Nominal,4,Spike_Outliers,0.6647112459207554,68,False,False,False,False,False,False
69,0,Nominal,3,Partial_Freeze,0.3066891852689772,69,False,False,False,False,False,False
70,0,Nominal,0,None,0.5543306392286127,70,False,False,False,False,False,False
71,0,Nominal,1,Bias_Drift,0.4147346015771476,71,False,False,False,False,False,False
72,0,Nominal,0,None,0.6804499089634118,72,False,False,False,False,False,False
73,0,Nominal,4,Spike_Outliers,0.5670496507819933,73,False,False,False,False,False,False
74,0,Nominal,3,Partial_Freeze,0.659716815845566,74,False,False,False,False,False,False
75,0,Nominal,0,None,0.6652133546997955,75,False,False,False,False,False,False
76,0,Nominal,0,None,0.6719811336998375,76,False,False,False,False,False,False
77,0,Nominal,4,Spike_Outliers,0.5119192878848773,77,False,False,False,False,False,False
78,0,Nominal,0,None,0.720186481367345,78,False,False,False,False,False,False
79,0,Nominal,0,None,0.718583789977653,79,False,False,False,False,False,False
80,0,Nominal,0,None,0.6877950208845683,80,False,False,False,False,False,False
81,0,Nominal,0,None,0.7193220630435841,81,False,False,False,False,False,False
82,0,Nominal,0,None,0.6617075306034643,82,False,False,False,False,False,False
83,0,Nominal,0,None,0.7555375904737005,83,False,False,False,False,False,False
84,0,Nominal,0,None,0.8835668178930391,84,False,False,False,False,False,False
85,0,Nominal,0,None,0.6839649643396865,85,False,False,False,False,False,False
86,0,Nominal,4,Spike_Outliers,0.584393536076759,86,True,True,False,False,False,False
87,0,Nominal,0,None,0.642529157779369,87,False,False,False,False,False,False
88,0,Nominal,0,None,0.622621060618924,88,False,False,False,False,False,False
89,0,Nominal,0,None,0.833780100798428,89,False,False,False,False,False,False
90,0,Nominal,0,None,0.66765206581797,90,False,False,False,False,False,False
91,0,Nominal,0,None,0.7859897958971543,91,False,False,False,False,False,False
92,0,Nominal,1,Bias_Drift,0.8718543554517859,92,False,False,False,False,False,False
93,0,Nominal,0,None,0.7071667830554679,93,False,False,False,False,False,False
94,0,Nominal,0,None,0.9143975113526183,94,False,False,False,False,False,False
95,0,Nominal,1,Bias_Drift,0.769495230676483,95,False,False,False,False,False,False
96,0,Nominal,0,None,0.7111905370187244,96,False,False,False,False,False,False
97,0,Nominal,0,None,0.7343911223630314,97,False,False,False,False,False,False
98,0,Nominal,0,None,0.9929947580096133,98,False,False,False,False,False,False
99,0,Nominal,0,None,0.8828055893045225,99,False,False,False,False,False,False
100,0,Nominal,0,None,0.8493948340038318,100,False,False,False,False,False,False
101,0,Nominal,0,None,0.6833289497535265,101,False,False,False,False,False,False
102,0,Nominal,0,None,0.9248976778015042,102,False,False,False,False,False,False
103,0,Nominal,2,High_Noise,1.0,103,False,False,False,False,False,False
104,0,Nominal,0,None,0.8228058147937994,104,False,False,False,False,False,False
105,0,Nominal,4,Spike_Outliers,0.9504250726806766,105,True,True,False,False,False,False
106,0,Nominal,0,None,0.8094754703150954,106,False,False,False,False,False,False
107,0,Nominal,0,None,0.7731447985575101,107,False,False,False,False,False,False
108,0,Nominal,0,None,0.980119915549605,108,False,False,False,False,False,False
109,0,Nominal,0,None,0.8769289497966156,109,False,False,False,False,False,False
110,0,Nominal,0,None,0.9191832898230518,110,False,False,False,False,False,False
111,0,Nominal,0,None,0.9130878549922927,111,False,False,False,False,False,False
112,0,Nominal,0,None,1.0,112,False,False,False,False,False,False
113,0,Nominal,0,None,0.894807543984652,113,False,False,False,False,False,False
114,0,Nominal,3,Partial_Freeze,0.8676157821052922,114,False,False,False,False,False,False
115,0,Nominal,0,None,0.9076962420025132,115,False,False,False,False,False,False
116,0,Nominal,0,None,1.0,116,False,False,False,False,False,False
117,0,Nominal,0,None,0.9657670372595007,117,False,False,False,False,False,False
118,0,Nominal,2,High_Noise,0.931183016890156,118,False,False,False,False,False,False
119,0,Nominal,0,None,1.0,119,False,False,False,False,False,False
120,1,CO2_Leak,0,None,0.005648823460700747,0,False,False,False,False,False,False
121,1,CO2_Leak,0,None,0.05725927476017145,1,False,False,False,False,False,False
122,1,CO2_Leak,0,None,0.0,2,False,False,False,False,False,False
123,1,CO2_Leak,0,None,0.10473104966518679,3,False,False,False,False,False,False
124,1,CO2_Leak,0,None,0.011964427685205978,4,False,False,False,False,False,False
125,1,CO2_Leak,0,None,0.05659424567614691,5,False,False,False,False,False,False
126,1,CO2_Leak,0,None,0.0846734498374971,6,False,False,False,False,False,False
127,1,CO2_Leak,0,None,0.008028948645556241,7,False,False,False,False,False,False
128,1,CO2_Leak,0,None,0.012077078165184642,8,False,False,False,False,False,False
129,1,CO2_Leak,0,None,0.052574272672448685,9,False,False,False,False,False,False
130,1,CO2_Leak,0,None,0.2778492122954458,10,False,False,False,False,False,False
131,1,CO2_Leak,0,None,0.2160936387959212,11,False,False,False,False,False,False
132,1,CO2_Leak,0,None,0.17125313371837686,12,False,False,False,False,False,False
133,1,CO2_Leak,0,None,0.1557976160113405,13,False,False,False,False,False,False
134,1,CO2_Leak,0,None,0.27716026834058616,14,False,False,False,False,False,False
135,1,CO2_Leak,0,None,0.06786863353139083,15,False,False,False,False,False,False
136,1,CO2_Leak,0,None,0.2133353749758505,16,False,False,False,False,False,False
137,1,CO2_Leak,0,None,0.0,17,False,False,False,False,False,False
138,1,CO2_Leak,0,None,0.18817752918440983,18,False,False,False,False,False,False
139,1,CO2_Leak,0,None,0.11412438730361008,19,False,False,False,False,False,False
140,1,CO2_Leak,0,None,0.18767673684427744,20,False,False,False,False,False,False
141,1,CO2_Leak,0,None,0.15672385323547794,21,False,False,False,False,False,False
142,1,CO2_Leak,3,Partial_Freeze,0.15063171167096423,22,False,False,False,False,False,False
143,1,CO2_Leak,0,None,0.335746555533318,23,False,False,False,False,False,False
144,1,CO2_Leak,0,None,0.31573498549402557,24,False,False,False,False,False,False
145,1,CO2_Leak,0,None,0.031997617563511827,25,False,False,False,False,False,False
146,1,CO2_Leak,0,None,0.0358198845344489,26,False,False,False,False,False,False
147,1,CO2_Leak,0,None,0.0,27,False,False,False,False,False,False
148,1,CO2_Leak,0,None,0.461424931648754,28,False,False,False,False,False,False
149,1,CO2_Leak,3,Partial_Freeze,0.07340931659397207,29,False,False,False,False,False,False
150,1,CO2_Leak,0,None,0.2585759667982419,30,False,False,False,False,False,False
151,1,CO2_Leak,0,None,0.18328293275182206,31,False,False,False,False,False,False
152,1,CO2_Leak,0,None,0.08568850150738802,32,False,False,False,False,False,False
153,1,CO2_Leak,0,None,0.4009750061513816,33,False,False,False,False,False,False
154,1,CO2_Leak,0,None,0.3017045232405439,34,False,False,False,False,False,False
155,1,CO2_Leak,0,None,0.3966846944221072,35,False,False,False,False,False,False
156,1,CO2_Leak,3,Partial_Freeze,0.08850554558969942,36,False,False,False,False,False,False
157,1,CO2_Leak,0,None,0.26520728939295224,37,False,False,False,False,False,False
158,1,CO2_Leak,0,None,0.3655560048714151,38,False,False,False,False,False,False
159,1,CO2_Leak,4,Spike_Outliers,0.3162020814831188,39,True,True,False,False,False,False
160,1,CO2_Leak,0,None,0.2668420023699624,40,False,False,False,False,False,False
161,1,CO2_Leak,0,None,0.3515966447800065,41,False,False,False,False,False,False
162,1,CO2_Leak,0,None,0.35218399455444793,42,False,False,False,False,False,False
163,1,CO2_Leak,0,None,0.35046630008955965,43,False,False,False,False,False,False
164,1,CO2_Leak,0,None,0.31538519114603236,44,False,False,False,False,False,False
165,1,CO2_Leak,0,None,0.4477392035130704,45,False,False,False,False,False,False
166,1,CO2_Leak,4,Spike_Outliers,0.31775075732957336,46,True,True,False,False,False,False
167,1,CO2_Leak,0,None,0.610150258501005,47,False,False,False,False,False,False
168,1,CO2_Leak,0,None,0.4307992438057996,48,False,False,False,False,False,False
169,1,CO2_Leak,0,None,0.43717280800506897,49,False,False,False,False,False,False
170,1,CO2_Leak,0,None,0.3103867802235221,50,False,False,False,False,False,False
171,1,CO2_Leak,0,None,0.6059418309526832,51,False,False,False,False,False,False
172,1,CO2_Leak,0,None,0.5031187606775127,52,False,False,False,False,False,False
173,1,CO2_Leak,0,None,0.3962090552791093,53,False,False,False,False,False,False
174,1,CO2_Leak,1,Bias_Drift,0.29161458506050786,54,False,False,False,False,False,False
175,1,CO2_Leak,0,None,0.5837416969621521,55,False,False,False,False,False,False
176,1,CO2_Leak,0,None,0.42428007046967264,56,False,False,False,False,False,False
177,1,CO2_Leak,0,None,0.19871478591278519,57,False,False,False,False,False,False
178,1,CO2_Leak,0,None,0.500360609215381,58,False,False,False,False,False,False
179,1,CO2_Leak,0,None,0.39874767530876093,59,False,False,False,False,False,False
180,1,CO2_Leak,0,None,0.4788981444833105,60,False,False,False,False,False,False
181,1,CO2_Leak,0,None,0.5756663358255044,61,False,False,False,False,False,False
182,1,CO2_Leak,0,None,0.5536247746558305,62,False,False,False,False,False,False
183,1,CO2_Leak,0,None,0.42543652750206895,63,False,False,False,False,False,False
184,1,CO2_Leak,0,None,0.4481175204477953,64,False,False,False,False,False,False
185,1,CO2_Leak,0,None,0.4558766879632406,65,False,False,False,False,False,False
186,1,CO2_Leak,0,None,0.7830005739302552,66,False,False,False,False,False,False
187,1,CO2_Leak,0,None,0.32534111178833375,67,False,False,False,False,False,False
188,1,CO2_Leak,0,None,0.5710722233555786,68,False,False,False,False,False,False
189,1,CO2_Leak,0,None,0.47139797142059287,69,False,False,False,False,False,False
190,1,CO2_Leak,0,None,0.7091143152127544,70,False,False,False,False,False,False
191,1,CO2_Leak,0,None,0.6138820949549056,71,False,False,False,False,False,False
192,1,CO2_Leak,0,None,0.6414642363322801,72,False,False,False,False,False,False
193,1,CO2_Leak,0,None,0.5806953069400543,73,False,False,False,False,False,False
194,1,CO2_Leak,3,Partial_Freeze,0.7038502817491209,74,False,False,False,False,False,False
195,1,CO2_Leak,4,Spike_Outliers,0.706939526685027,75,False,False,False,False,False,False
196,1,CO2_Leak,1,Bias_Drift,0.6655128205499794,76,False,False,False,False,False,False
197,1,CO2_Leak,0,None,0.7633362506652254,77,False,False,False,False,False,False
198,1,CO2_Leak,0,None,0.6875329587461277,78,False,False,False,False,False,False
199,1,CO2_Leak,0,None,0.5656043279802383,79,False,False,False,False,False,False
200,1,CO2_Leak,0,None,0.5558565202557214,80,False,False,False,False,False,False
201,1,CO2_Leak,0,None,0.7380611417783677,81,False,False,False,False,False,False
202,1,CO2_Leak,4,Spike_Outliers,0.452024723577265,82,True,True,False,False,False,False
203,1,CO2_Leak,2,High_Noise,0.807371701332606,83,False,False,False,False,False,False
204,1,CO2_Leak,0,None,0.665036613552693,84,False,False,False,False,False,False
205,1,CO2_Leak,0,None,0.5826247701964425,85,False,False,False,False,False,False
206,1,CO2_Leak,0,None,0.8316292593546892,86,False,False,False,False,False,False
207,1,CO2_Leak,0,None,0.6684569224103446,87,False,False,False,False,False,False
208,1,CO2_Leak,0,None,0.712612575004383,88,False,False,False,False,False,False
209,1,CO2_Leak,0,None,0.5325230777847,89,False,False,False,False,False,False
210,1,CO2_Leak,3,Partial_Freeze,0.779305045389574,90,False,False,False,False,False,False
211,1,CO2_Leak,0,None,0.7736165105371265,91,False,False,False,False,False,False
212,1,CO2_Leak,0,None,0.7416102250528446,92,True,False,False,False,False,False
213,1,CO2_Leak,0,None,0.8212487520880963,93,True,False,False,False,False,False
214,1,CO2_Leak,0,None,0.8508810600845282,94,False,False,False,False,False,False
215,1,CO2_Leak,0,None,0.6609377684442476,95,False,False,False,False,False,False
216,1,CO2_Leak,1,Bias_Drift,0.7613583105558257,96,False,False,False,False,False,False
217,1,CO2_Leak,0,None,0.7721321388886684,97,False,False,False,False,False,False
218,1,CO2_Leak,0,None,0.8592899899181785,98,True,False,False,False,False,False
219,1,CO2_Leak,0,None,0.8837205039686302,99,True,False,False,False,False,False
220,1,CO2_Leak,0,None,0.8677824520064732,100,False,False,False,False,False,False
221,1,CO2_Leak,4,Spike_Outliers,0.9303276264474643,101,True,True,False,False,False,False
222,1,CO2_Leak,0,None,0.8019612950400631,102,False,False,False,False,False,False
223,1,CO2_Leak,0,None,0.966777557811857,103,True,False,False,False,False,False
224,1,CO2_Leak,0,None,0.8655997117346362,104,False,False,False,False,False,False
225,1,CO2_Leak,0,None,0.8130145359571818,105,False,False,False,False,False,False
226,1,CO2_Leak,0,None,0.8431802332570656,106,False,False,False,False,False,False
227,1,CO2_Leak,0,None,1.0,107,True,False,False,False,False,False
228,1,CO2_Leak,0,None,1.0,108,True,False,False,False,False,False
229,1,CO2_Leak,0,None,0.8361333018108071,109,False,False,False,False,False,False
230,1,CO2_Leak,0,None,0.9193495281552387,110,True,False,False,False,False,False
231,1,CO2_Leak,0,None,0.9531579199105116,111,True,False,False,False,False,False
232,1,CO2_Leak,0,None,0.916292261747517,112,False,False,False,False,False,False
233,1,CO2_Leak,0,None,0.9326050698780335,113,False,False,False,False,False,False
234,1,CO2_Leak,0,None,1.0,114,True,False,False,False,False,False
235,1,CO2_Leak,0,None,0.7796434635176945,115,True,False,False,False,False,False
236,1,CO2_Leak,2,High_Noise,1.0,116,True,False,False,False,False,False
237,1,CO2_Leak,0,None,1.0,117,True,False,False,False,False,False
238,1,CO2_Leak,0,None,0.9560069559658636,118,True,False,False,False,False,False
239,1,CO2_Leak,0,None,1.0,119,True,False,False,False,False,False
240,2,Valve_Stiction,0,None,0.0,0,False,False,False,False,False,False
241,2,Valve_Stiction,0,None,0.1455579107160386,1,False,False,False,False,False,False
242,2,Valve_Stiction,0,None,0.05964137241089913,2,False,False,False,False,False,False
243,2,Valve_Stiction,0,None,0.1343745846997948,3,False,False,False,False,False,False
244,2,Valve_Stiction,0,None,0.07092777356956655,4,False,False,False,False,False,False
245,2,Valve_Stiction,0,None,0.1372369734692677,5,False,False,False,False,False,False
246,2,Valve_Stiction,0,None,0.0,6,False,False,False,False,False,False
247,2,Valve_Stiction,0,None,0.17324405373833685,7,False,False,False,False,False,False
248,2,Valve_Stiction,0,None,0.0,8,False,False,False,False,False,False
249,2,Valve_Stiction,0,None,0.07892699838101083,9,False,False,False,False,False,False
250,2,Valve_Stiction,0,None,0.0,10,False,False,False,False,False,False
251,2,Valve_Stiction,0,None,0.0,11,False,False,False,False,False,False
252,2,Valve_Stiction,0,None,0.003871032682013109,12,False,False,False,False,False,False
253,2,Valve_Stiction,0,None,0.13298462252319473,13,False,False,False,False,False,False
254,2,Valve_Stiction,0,None,0.07500989548375624,14,False,False,False,False,False,False
255,2,Valve_Stiction,4,Spike_Outliers,0.37207112812156395,15,False,False,False,False,False,False
256,2,Valve_Stiction,0,None,0.24379311672646228,16,False,False,False,False,False,False
257,2,Valve_Stiction,0,None,0.1794155168477399,17,False,False,False,False,False,False
258,2,Valve_Stiction,0,None,0.10785082831599127,18,False,False,False,False,False,False
259,2,Valve_Stiction,0,None,0.38791225178860955,19,False,False,False,False,False,False
260,2,Valve_Stiction,0,None,0.18808239392134174,20,False,False,False,False,False,False
261,2,Valve_Stiction,0,None,0.2627986323718475,21,False,False,False,False,False,False
262,2,Valve_Stiction,0,None,0.22527566724017142,22,False,False,False,False,False,False
263,2,Valve_Stiction,0,None,0.12413278151753752,23,False,False,False,False,False,False
264,2,Valve_Stiction,0,None,0.19745045703948821,24,False,False,False,False,False,False
265,2,Valve_Stiction,0,None,0.35164808259577884,25,False,False,False,False,False,False
266,2,Valve_Stiction,0,None,0.26283156315890255,26,False,False,False,False,False,False
267,2,Valve_Stiction,4,Spike_Outliers,0.3948060262090889,27,False,False,False,False,False,False
268,2,Valve_Stiction,0,None,0.29964882201746496,28,False,False,False,False,False,False
269,2,Valve_Stiction,0,None,0.23327901234471554,29,False,False,False,False,False,False
270,2,Valve_Stiction,0,None,0.18347075961294707,30,False,False,False,False,False,False
271,2,Valve_Stiction,0,None,0.46598755663121716,31,False,False,False,False,False,False
272,2,Valve_Stiction,0,None,0.3020736660573113,32,False,False,False,False,False,False
273,2,Valve_Stiction,2,High_Noise,0.26477039544828096,33,False,False,False,False,False,False
274,2,Valve_Stiction,0,None,0.2622050071537743,34,False,False,False,False,False,False
275,2,Valve_Stiction,0,None,0.3055336465038616,35,False,False,False,False,False,False
276,2,Valve_Stiction,0,None,0.24227976808105875,36,False,False,False,False,False,False
277,2,Valve_Stiction,0,None,0.46781673443577443,37,False,False,False,False,False,False
278,2,Valve_Stiction,0,None,0.24040360326365667,38,False,False,False,False,False,False
279,2,Valve_Stiction,0,None,0.3571388611095836,39,False,False,False,False,False,False
280,2,Valve_Stiction,0,None,0.32120542347419173,40,False,False,False,False,False,False
281,2,Valve_Stiction,2,High_Noise,0.46561945909114494,41,False,False,False,False,False,False
282,2,Valve_Stiction,0,None,0.5210600022729766,42,False,False,False,False,False,False
283,2,Valve_Stiction,0,None,0.37413348606332775,43,False,False,False,False,False,False
284,2,Valve_Stiction,0,None,0.30684520112220975,44,False,False,False,False,False,False
285,2,Valve_Stiction,0,None,0.5099149060517433,45,False,False,False,False,False,False
286,2,Valve_Stiction,0,None,0.4413238071487381,46,False,False,False,False,False,False
287,2,Valve_Stiction,0,None,0.5535612919162374,47,False,False,False,False,False,False
288,2,Valve_Stiction,0,None,0.3470922056476784,48,False,False,False,False,False,False
289,2,Valve_Stiction,0,None,0.523293565185481,49,False,False,False,False,False,False
290,2,Valve_Stiction,0,None,0.37213391724594264,50,False,False,False,False,False,False
291,2,Valve_Stiction,0,None,0.2635042688273693,51,False,False,False,False,False,False
292,2,Valve_Stiction,0,None,0.27200341475134315,52,False,False,False,False,False,False
293,2,Valve_Stiction,0,None,0.3348810266671117,53,False,False,False,False,False,False
294,2,Valve_Stiction,0,None,0.4137048700521437,54,False,False,False,False,False,False
295,2,Valve_Stiction,0,None,0.5461655243897631,55,False,False,False,False,False,False
296,2,Valve_Stiction,0,None,0.5622532421940486,56,False,False,False,False,False,False
297,2,Valve_Stiction,0,None,0.3739667787341066,57,False,False,False,False,False,False
298,2,Valve_Stiction,0,None,0.5766306232803267,58,False,False,False,False,False,False
299,2,Valve_Stiction,0,None,0.447099237968754,59,False,False,False,False,False,False
300,2,Valve_Stiction,0,None,0.35336476230646685,60,False,False,False,False,False,False
301,2,Valve_Stiction,0,None,0.3327427303953311,61,False,False,False,False,False,False
302,2,Valve_Stiction,0,None,0.5348673154786748,62,False,False,False,False,False,False
303,2,Valve_Stiction,4,Spike_Outliers,0.5366498613827764,63,True,True,False,False,False,False
304,2,Valve_Stiction,2,High_Noise,0.5704517614165293,64,False,False,False,False,False,False
305,2,Valve_Stiction,0,None,0.6218791515469015,65,False,False,False,False,False,False
306,2,Valve_Stiction,0,None,0.6267403546727248,66,False,False,False,False,False,False
307,2,Valve_Stiction,0,None,0.4675238004121466,67,False,False,False,False,False,False
308,2,Valve_Stiction,0,None,0.5815472660063592,68,False,False,False,False,False,False
309,2,Valve_Stiction,0,None,0.6158223888701809,69,False,False,False,False,False,False
310,2,Valve_Stiction,2,High_Noise,0.4878615133032753,70,False,False,False,False,False,False
311,2,Valve_Stiction,1,Bias_Drift,0.5877689933787403,71,False,False,False,False,False,False
312,2,Valve_Stiction,0,None,0.6362321367400756,72,False,False,False,False,False,False
313,2,Valve_Stiction,0,None,0.6026921436787578,73,False,False,False,False,False,False
314,2,Valve_Stiction,0,None,0.6582284018150677,74,False,False,False,False,False,False
315,2,Valve_Stiction,0,None,0.48157179702405495,75,False,False,False,False,False,False
316,2,Valve_Stiction,0,None,0.466804948654319,76,False,False,False,False,False,False
317,2,Valve_Stiction,2,High_Noise,0.5807002459958829,77,False,False,False,False,False,False
318,2,Valve_Stiction,0,None,0.7003013162143623,78,False,False,False,False,False,False
319,2,Valve_Stiction,1,Bias_Drift,0.7653827527072825,79,False,False,False,False,False,False
320,2,Valve_Stiction,0,None,0.685997710545924,80,False,False,False,False,False,False
321,2,Valve_Stiction,0,None,0.6327301108097698,81,False,False,False,False,False,False
322,2,Valve_Stiction,0,None,0.5689819078033143,82,False,False,False,False,False,False
323,2,Valve_Stiction,0,None,0.7008730469959152,83,False,False,False,False,False,False
324,2,Valve_Stiction,2,High_Noise,0.7559232313899957,84,False,False,False,False,False,False
325,2,Valve_Stiction,0,None,0.8032241548580736,85,False,False,False,False,False,False
326,2,Valve_Stiction,2,High_Noise,0.7474052206607503,86,False,False,False,False,False,False
327,2,Valve_Stiction,0,None,0.8213055438635124,87,False,False,False,False,False,False
328,2,Valve_Stiction,0,None,0.8275423179318564,88,False,False,False,False,False,False
329,2,Valve_Stiction,0,None,0.6043456562507409,89,False,False,False,False,False,False
330,2,Valve_Stiction,2,High_Noise,0.8547538064367034,90,False,False,False,False,False,False
331,2,Valve_Stiction,0,None,0.7821756031796868,91,False,False,False,False,False,False
332,2,Valve_Stiction,0,None,0.8323000792497292,92,False,False,False,False,False,False
333,2,Valve_Stiction,0,None,0.9134850378558519,93,False,False,False,False,False,False
334,2,Valve_Stiction,0,None,0.7992215151867891,94,False,False,False,False,False,False
335,2,Valve_Stiction,0,None,0.64119759493352,95,False,False,False,False,False,False
336,2,Valve_Stiction,0,None,0.6631077464301977,96,False,False,False,False,False,False
337,2,Valve_Stiction,0,None,0.9241314566085246,97,False,False,False,False,False,False
338,2,Valve_Stiction,0,None,0.8455672451869307,98,False,False,False,False,False,False
339,2,Valve_Stiction,4,Spike_Outliers,0.6741961446043295,99,False,False,False,False,False,False
340,2,Valve_Stiction,0,None,0.8451506521787052,100,False,False,False,False,False,False
341,2,Valve_Stiction,0,None,0.9016035430515517,101,False,False,False,False,False,False
342,2,Valve_Stiction,0,None,0.9161489547330863,102,False,False,False,False,False,False
343,2,Valve_Stiction,0,None,0.8946900498409438,103,False,False,False,False,False,False
344,2,Valve_Stiction,0,None,0.8623243058275248,104,False,False,False,False,False,False
345,2,Valve_Stiction,0,None,0.9188118030124673,105,False,False,False,False,False,False
346,2,Valve_Stiction,0,None,0.9311856196587951,106,False,False,False,False,False,False
347,2,Valve_Stiction,0,None,0.9230018316937454,107,False,False,False,False,False,False
348,2,Valve_Stiction,0,None,0.8861725329301957,108,False,False,False,False,False,False
349,2,Valve_Stiction,0,None,0.9853442957004344,109,False,False,False,False,False,False
350,2,Valve_Stiction,0,None,0.8955788989164304,110,False,False,False,False,False,False
351,2,Valve_Stiction,1,Bias_Drift,0.9106420192837351,111,False,False,False,False,False,False
352,2,Valve_Stiction,0,None,1.0,112,False,False,False,False,False,False
353,2,Valve_Stiction,0,None,1.0,113,False,False,False,False,False,False
354,2,Valve_Stiction,0,None,0.8451695225539579,114,False,False,False,False,False,False
355,2,Valve_Stiction,0,None,1.0,115,False,False,False,False,False,False
356,2,Valve_Stiction,0,None,0.9025787539560758,116,False,False,False,False,False,False
357,2,Valve_Stiction,0,None,0.909152319513139,117,False,False,False,False,False,False
358,2,Valve_Stiction,2,High_Noise,1.0,118,False,False,False,False,False,False
359,2,Valve_Stiction,0,None,0.959238701085157,119,False,False,False,False,False,False
360,3,Vacuum_Anomaly,0,None,0.12979764504873068,0,False,False,False,False,False,False
361,3,Vacuum_Anomaly,0,None,0.0,1,False,False,False,False,False,False
362,3,Vacuum_Anomaly,0,None,0.02486092068853627,2,False,False,False,False,False,False
363,3,Vacuum_Anomaly,4,Spike_Outliers,0.0,3,False,False,False,False,False,False
364,3,Vacuum_Anomaly,0,None,0.0,4,False,False,False,False,False,False
365,3,Vacuum_Anomaly,0,None,0.0,5,False,False,False,False,False,False
366,3,Vacuum_Anomaly,1,Bias_Drift,0.03224897871359936,6,False,False,False,False,False,False
367,3,Vacuum_Anomaly,0,None,0.04495515000561719,7,False,False,False,False,False,False
368,3,Vacuum_Anomaly,3,Partial_Freeze,0.0,8,False,False,False,False,False,False
369,3,Vacuum_Anomaly,0,None,0.0,9,False,False,False,False,False,False
370,3,Vacuum_Anomaly,2,High_Noise,0.0,10,False,False,False,False,False,False
371,3,Vacuum_Anomaly,0,None,0.12896208542499574,11,False,False,False,False,False,False
372,3,Vacuum_Anomaly,0,None,0.04021159353527606,12,False,False,False,False,False,False
373,3,Vacuum_Anomaly,2,High_Noise,0.19316878292431044,13,False,False,False,False,False,False
374,3,Vacuum_Anomaly,0,None,0.15234143845224926,14,False,False,False,False,False,False
375,3,Vacuum_Anomaly,0,None,0.16315926415270063,15,False,False,False,False,False,False
376,3,Vacuum_Anomaly,0,None,0.37167379080359586,16,False,False,False,False,False,False
377,3,Vacuum_Anomaly,0,None,0.17247520596091456,17,False,False,False,False,False,False
378,3,Vacuum_Anomaly,0,None,0.04579234529128415,18,False,False,False,False,False,False
379,3,Vacuum_Anomaly,1,Bias_Drift,0.18172629438601307,19,False,False,False,False,False,False
380,3,Vacuum_Anomaly,0,None,0.13853603854614932,20,False,False,False,False,False,False
381,3,Vacuum_Anomaly,0,None,0.1600247386095468,21,False,False,False,False,False,False
382,3,Vacuum_Anomaly,0,None,0.1682331367510396,22,False,False,False,False,False,False
383,3,Vacuum_Anomaly,0,None,0.15377327390351597,23,False,False,False,False,False,False
384,3,Vacuum_Anomaly,0,None,0.3581048411884221,24,False,False,False,False,False,False
385,3,Vacuum_Anomaly,0,None,0.260245706758746,25,False,False,False,False,False,False
386,3,Vacuum_Anomaly,0,None,0.19556340536329242,26,False,False,False,False,False,False
387,3,Vacuum_Anomaly,0,None,0.29077107956709236,27,False,False,False,False,False,False
388,3,Vacuum_Anomaly,0,None,0.20142159337327817,28,False,False,False,False,False,False
389,3,Vacuum_Anomaly,0,None,0.3640525708459123,29,False,False,False,False,False,False
390,3,Vacuum_Anomaly,0,None,0.39248675270066946,30,False,False,False,False,False,False
391,3,Vacuum_Anomaly,0,None,0.1507689379598628,31,False,False,False,False,False,False
392,3,Vacuum_Anomaly,0,None,0.23113672934741164,32,False,False,False,False,False,False
393,3,Vacuum_Anomaly,0,None,0.2699936427589823,33,False,False,False,False,False,False
394,3,Vacuum_Anomaly,0,None,0.15725557370299462,34,False,False,False,False,False,False
395,3,Vacuum_Anomaly,0,None,0.2510105825188168,35,False,False,False,False,False,False
396,3,Vacuum_Anomaly,0,None,0.3257870093870912,36,False,False,False,False,False,False
397,3,Vacuum_Anomaly,0,None,0.4361712032456553,37,False,False,False,False,False,False
398,3,Vacuum_Anomaly,0,None,0.4252264399585072,38,False,False,False,False,False,False
399,3,Vacuum_Anomaly,0,None,0.25528571820723595,39,False,False,False,False,False,False
400,3,Vacuum_Anomaly,0,None,0.39937864214798413,40,False,False,False,False,False,False
401,3,Vacuum_Anomaly,0,None,0.3041683236242728,41,False,False,False,False,False,False
402,3,Vacuum_Anomaly,0,None,0.434522265418489,42,False,False,False,False,False,False
403,3,Vacuum_Anomaly,0,None,0.26059707037629637,43,False,False,False,False,False,False
404,3,Vacuum_Anomaly,0,None,0.5429839291364615,44,False,False,False,False,False,False
405,3,Vacuum_Anomaly,0,None,0.23876456271108507,45,False,False,False,False,False,False
406,3,Vacuum_Anomaly,0,None,0.4945649812054387,46,False,False,False,False,False,False
407,3,Vacuum_Anomaly,0,None,0.3813691785816129,47,False,False,False,False,False,False
408,3,Vacuum_Anomaly,0,None,0.655032381138492,48,False,False,False,False,False,False
409,3,Vacuum_Anomaly,0,None,0.3473669330914193,49,False,False,False,False,False,False
410,3,Vacuum_Anomaly,0,None,0.6206167276183936,50,False,False,False,False,False,False
411,3,Vacuum_Anomaly,0,None,0.6386566578522348,51,False,False,False,False,False,False
412,3,Vacuum_Anomaly,0,None,0.475379021322477,52,False,False,False,False,False,False
413,3,Vacuum_Anomaly,0,None,0.5445093957518718,53,False,False,False,False,False,False
414,3,Vacuum_Anomaly,0,None,0.3989745966431437,54,False,False,False,False,False,False
415,3,Vacuum_Anomaly,0,None,0.3477110257882749,55,False,False,False,False,False,False
416,3,Vacuum_Anomaly,0,None,0.4689109539703152,56,False,False,False,False,False,False
417,3,Vacuum_Anomaly,0,None,0.4251857016543822,57,False,False,False,False,False,False
418,3,Vacuum_Anomaly,0,None,0.3310459572811897,58,False,False,False,False,False,False
419,3,Vacuum_Anomaly,0,None,0.5554046891996071,59,False,False,False,False,False,False
420,3,Vacuum_Anomaly,0,None,0.6003491091931595,60,False,False,False,False,False,False
421,3,Vacuum_Anomaly,3,Partial_Freeze,0.5237054601858946,61,False,False,False,False,False,False
422,3,Vacuum_Anomaly,0,None,0.5228860398033057,62,False,False,False,False,False,False
423,3,Vacuum_Anomaly,0,None,0.6128387195821644,63,False,False,False,False,False,False
424,3,Vacuum_Anomaly,0,None,0.4215947370057883,64,False,False,False,False,False,False
425,3,Vacuum_Anomaly,4,Spike_Outliers,0.5217755952381293,65,True,True,False,False,False,False
426,3,Vacuum_Anomaly,0,None,0.5713908392586919,66,False,False,False,False,False,False
427,3,Vacuum_Anomaly,3,Partial_Freeze,0.6067116287820397,67,False,False,False,False,False,False
428,3,Vacuum_Anomaly,2,High_Noise,0.6157749767725914,68,False,False,False,False,False,False
429,3,Vacuum_Anomaly,0,None,0.40154693609649744,69,False,False,False,False,False,False
430,3,Vacuum_Anomaly,0,None,0.5366782033210679,70,False,False,False,False,False,False
431,3,Vacuum_Anomaly,0,None,0.35817196387348327,71,False,False,False,False,False,False
432,3,Vacuum_Anomaly,0,None,0.6625028532934801,72,False,False,False,False,False,False
433,3,Vacuum_Anomaly,0,None,0.6476671715833457,73,False,False,False,False,False,False
434,3,Vacuum_Anomaly,0,None,0.4320705709672077,74,False,False,False,False,False,False
435,3,Vacuum_Anomaly,0,None,0.6155465998248228,75,False,False,False,False,False,False
436,3,Vacuum_Anomaly,1,Bias_Drift,0.6435665176234776,76,False,False,False,False,False,False
437,3,Vacuum_Anomaly,0,None,0.6560080062507616,77,False,False,False,False,False,False
438,3,Vacuum_Anomaly,0,None,0.6666386470822868,78,False,False,False,False,False,False
439,3,Vacuum_Anomaly,0,None,0.6802339646188668,79,False,False,False,False,False,False
440,3,Vacuum_Anomaly,0,None,0.8410486255740425,80,False,False,False,False,False,False
441,3,Vacuum_Anomaly,0,None,0.7134977891298827,81,False,False,False,False,False,False
442,3,Vacuum_Anomaly,0,None,0.6379530050912576,82,False,False,False,False,False,False
443,3,Vacuum_Anomaly,0,None,0.6725190234545636,83,False,False,False,False,False,False
444,3,Vacuum_Anomaly,3,Partial_Freeze,0.6959152603288729,84,False,False,False,False,False,False
445,3,Vacuum_Anomaly,0,None,0.5701620754062833,85,False,False,False,False,False,False
446,3,Vacuum_Anomaly,1,Bias_Drift,0.8940160197775407,86,False,False,False,False,False,False
447,3,Vacuum_Anomaly,0,None,0.7543998264440273,87,False,False,False,False,False,False
448,3,Vacuum_Anomaly,0,None,0.6980672115625736,88,False,False,False,False,False,False
449,3,Vacuum_Anomaly,0,None,0.716808912236684,89,False,False,False,False,False,False
450,3,Vacuum_Anomaly,0,None,0.7612260648315295,90,False,False,False,False,False,False
451,3,Vacuum_Anomaly,0,None,0.8168599941864427,91,False,False,False,False,False,False
452,3,Vacuum_Anomaly,0,None,0.9521374661136729,92,False,False,False,False,False,False
453,3,Vacuum_Anomaly,0,None,0.9017859703863319,93,False,False,False,False,False,False
454,3,Vacuum_Anomaly,0,None,0.652497613537246,94,False,False,False,False,False,False
455,3,Vacuum_Anomaly,2,High_Noise,0.6481485578717943,95,False,False,False,False,False,False
456,3,Vacuum_Anomaly,0,None,0.6927158779182372,96,False,False,False,False,False,False
457,3,Vacuum_Anomaly,4,Spike_Outliers,0.8618586025295907,97,True,True,False,False,False,False
458,3,Vacuum_Anomaly,0,None,0.8544606668849718,98,False,False,False,False,False,False
459,3,Vacuum_Anomaly,0,None,0.8309029349501755,99,False,False,False,False,False,False
460,3,Vacuum_Anomaly,0,None,0.8312240288586076,100,False,False,False,False,False,False
461,3,Vacuum_Anomaly,0,None,0.8980742860371075,101,False,False,False,False,False,False
462,3,Vacuum_Anomaly,0,None,0.8579461572579115,102,False,False,False,False,False,False
463,3,Vacuum_Anomaly,0,None,0.9397675998192723,103,False,False,False,False,False,False
464,3,Vacuum_Anomaly,0,None,0.8378558769176975,104,False,False,False,False,False,False
465,3,Vacuum_Anomaly,0,None,0.9413968097856048,105,False,False,False,False,False,False
466,3,Vacuum_Anomaly,0,None,0.7521046024577412,106,False,False,False,False,False,False
467,3,Vacuum_Anomaly,0,None,0.8624979192990003,107,False,False,False,False,False,False
468,3,Vacuum_Anomaly,0,None,0.769280138611015,108,False,False,False,False,False,False
469,3,Vacuum_Anomaly,0,None,1.0,109,False,False,False,False,False,False
470,3,Vacuum_Anomaly,0,None,0.9915615065045889,110,False,False,False,False,False,False
471,3,Vacuum_Anomaly,2,High_Noise,0.9902355155474789,111,False,False,False,False,False,False
472,3,Vacuum_Anomaly,1,Bias_Drift,0.9219613025798812,112,False,False,False,False,False,False
473,3,Vacuum_Anomaly,0,None,0.9564307828287789,113,False,False,False,False,False,False
474,3,Vacuum_Anomaly,0,None,1.0,114,False,False,False,False,False,False
475,3,Vacuum_Anomaly,0,None,1.0,115,False,False,False,False,False,False
476,3,Vacuum_Anomaly,0,None,1.0,116,False,False,False,False,False,False
477,3,Vacuum_Anomaly,0,None,0.8974515993517685,117,False,False,False,False,False,False
478,3,Vacuum_Anomaly,0,None,0.8189589255613435,118,False,False,False,False,False,False
479,3,Vacuum_Anomaly,0,None,1.0,119,False,False,False,False,False,False
480,4,CDRA_Degradation,0,None,0.0,0,False,False,False,False,False,False
481,4,CDRA_Degradation,4,Spike_Outliers,0.04239168550723793,1,False,False,False,False,False,False
482,4,CDRA_Degradation,2,High_Noise,0.09136011591690907,2,True,False,False,False,False,False
483,4,CDRA_Degradation,0,None,0.0,3,False,False,False,False,False,False
484,4,CDRA_Degradation,0,None,0.0,4,False,False,False,False,False,False
485,4,CDRA_Degradation,0,None,0.0,5,False,False,False,False,False,False
486,4,CDRA_Degradation,0,None,0.0,6,False,False,False,False,False,False
487,4,CDRA_Degradation,0,None,0.20724654327098516,7,False,False,False,False,False,False
488,4,CDRA_Degradation,0,None,0.0,8,False,False,False,False,False,False
489,4,CDRA_Degradation,0,None,0.03836667638186082,9,False,False,False,False,False,False
490,4,CDRA_Degradation,1,Bias_Drift,0.030532654701303334,10,False,False,False,False,False,False
491,4,CDRA_Degradation,0,None,0.09492850673351634,11,False,False,False,False,False,False
492,4,CDRA_Degradation,0,None,0.2269387432730382,12,False,False,False,False,False,False
493,4,CDRA_Degradation,2,High_Noise,0.1708019293266086,13,False,False,False,False,False,False
494,4,CDRA_Degradation,0,None,0.19563694583694186,14,False,False,False,False,False,False
495,4,CDRA_Degradation,4,Spike_Outliers,0.0,15,True,True,False,False,False,False
496,4,CDRA_Degradation,0,None,0.0,16,False,False,False,False,False,False
497,4,CDRA_Degradation,0,None,0.18819547595246255,17,False,False,False,False,False,False
498,4,CDRA_Degradation,0,None,0.1255230807227682,18,False,False,False,False,False,False
499,4,CDRA_Degradation,0,None,0.381788145646591,19,False,False,False,False,False,False
500,4,CDRA_Degradation,0,None,0.1696354286029177,20,False,False,False,False,False,False
501,4,CDRA_Degradation,0,None,0.25875893715852516,21,False,False,False,False,False,False
502,4,CDRA_Degradation,0,None,0.0,22,False,False,False,False,False,False
503,4,CDRA_Degradation,0,None,0.00706063962873929,23,False,False,False,False,False,False
504,4,CDRA_Degradation,4,Spike_Outliers,0.08729313960838968,24,False,False,False,False,False,False
505,4,CDRA_Degradation,0,None,0.054820009949951704,25,False,False,False,False,False,False
506,4,CDRA_Degradation,0,None,0.3403578022197818,26,False,False,False,False,False,False
507,4,CDRA_Degradation,2,High_Noise,0.37215126734396925,27,True,False,False,False,False,False
508,4,CDRA_Degradation,0,None,0.2325520883965139,28,False,False,False,False,False,False
509,4,CDRA_Degradation,0,None,0.28499399149698895,29,False,False,False,False,False,False
510,4,CDRA_Degradation,0,None,0.15532578481136466,30,False,False,False,False,False,False
511,4,CDRA_Degradation,0,None,0.16277053630264615,31,False,False,False,False,False,False
512,4,CDRA_Degradation,2,High_Noise,0.09183363532401159,32,False,False,False,False,False,False
513,4,CDRA_Degradation,1,Bias_Drift,0.225647144891002,33,False,False,False,False,False,False
514,4,CDRA_Degradation,1,Bias_Drift,0.42906088797971614,34,True,True,False,False,False,False
515,4,CDRA_Degradation,0,None,0.21879664774354812,35,False,False,False,False,False,False
516,4,CDRA_Degradation,2,High_Noise,0.24844402378393776,36,True,False,False,False,False,False
517,4,CDRA_Degradation,0,None,0.2375572243828316,37,False,False,False,False,False,False
518,4,CDRA_Degradation,0,None,0.27321117875234163,38,False,False,False,False,False,False
519,4,CDRA_Degradation,0,None,0.40773679556111164,39,False,False,False,False,False,False
520,4,CDRA_Degradation,0,None,0.19931628014631456,40,False,False,False,False,False,False
521,4,CDRA_Degradation,0,None,0.31258234448984146,41,False,False,False,False,False,False
522,4,CDRA_Degradation,0,None,0.431543193931252,42,False,False,False,False,False,False
523,4,CDRA_Degradation,3,Partial_Freeze,0.4986210555394984,43,True,False,False,False,False,False
524,4,CDRA_Degradation,0,None,0.2917951512137953,44,False,False,False,False,False,False
525,4,CDRA_Degradation,0,None,0.3723178750784761,45,False,False,False,False,False,False
526,4,CDRA_Degradation,0,None,0.4906396476868567,46,True,False,False,False,False,False
527,4,CDRA_Degradation,0,None,0.3049233828072362,47,False,False,False,False,False,False
528,4,CDRA_Degradation,0,None,0.32048004597550395,48,False,False,False,False,False,False
529,4,CDRA_Degradation,0,None,0.29927514527507904,49,False,False,False,False,False,False
530,4,CDRA_Degradation,0,None,0.49521449532461354,50,True,False,False,False,False,False
531,4,CDRA_Degradation,0,None,0.40584119875537034,51,False,False,False,False,False,False
532,4,CDRA_Degradation,0,None,0.29243101967575036,52,False,False,False,False,False,False
533,4,CDRA_Degradation,0,None,0.40300015084970436,53,False,False,False,False,False,False
534,4,CDRA_Degradation,0,None,0.4468093255019404,54,False,False,False,False,False,False
535,4,CDRA_Degradation,0,None,0.19276747629401547,55,False,False,False,False,False,False
536,4,CDRA_Degradation,0,None,0.3458437670620077,56,False,False,False,False,False,False
537,4,CDRA_Degradation,0,None,0.5543960544994613,57,True,False,False,False,False,False
538,4,CDRA_Degradation,0,None,0.5484130658638986,58,True,False,False,False,False,False
539,4,CDRA_Degradation,0,None,0.5971341997516509,59,True,False,False,False,False,False
540,4,CDRA_Degradation,0,None,0.690351995035027,60,True,False,False,False,False,False
541,4,CDRA_Degradation,0,None,0.5904745356526955,61,True,False,False,False,False,False
542,4,CDRA_Degradation,0,None,0.6990863133617143,62,True,False,False,False,False,False
543,4,CDRA_Degradation,0,None,0.5130158548495073,63,True,False,False,False,False,False
544,4,CDRA_Degradation,0,None,0.36615630895142237,64,False,False,False,False,False,False
545,4,CDRA_Degradation,0,None,0.48207119176095664,65,True,False,False,False,False,False
546,4,CDRA_Degradation,0,None,0.5918914895865104,66,True,False,False,False,False,False
547,4,CDRA_Degradation,0,None,0.6452060511336077,67,True,False,False,False,False,False
548,4,CDRA_Degradation,0,None,0.579572003030157,68,True,False,False,False,False,False
549,4,CDRA_Degradation,0,None,0.5106713357459234,69,True,False,False,False,False,False
550,4,CDRA_Degradation,0,None,0.5513861287400332,70,True,False,False,False,False,False
551,4,CDRA_Degradation,0,None,0.5162262270253628,71,True,False,False,False,False,False
552,4,CDRA_Degradation,0,None,0.4253960376638395,72,True,False,False,False,False,False
553,4,CDRA_Degradation,0,None,0.5918719637807626,73,True,False,False,False,False,False
554,4,CDRA_Degradation,0,None,0.6678232235440684,74,True,False,False,False,False,False
555,4,CDRA_Degradation,0,None,0.8677619393901106,75,True,False,False,False,False,False
556,4,CDRA_Degradation,0,None,0.5148571218370431,76,True,False,False,False,False,False
557,4,CDRA_Degradation,0,None,0.5072618961843867,77,True,False,False,False,False,False
558,4,CDRA_Degradation,2,High_Noise,0.5675799282875345,78,True,False,False,False,False,False
559,4,CDRA_Degradation,0,None,0.6483809301671511,79,True,False,False,False,False,False
560,4,CDRA_Degradation,0,None,0.5544225906791942,80,True,False,False,False,False,False
561,4,CDRA_Degradation,0,None,0.6496537366698532,81,True,False,False,False,False,False
562,4,CDRA_Degradation,0,None,0.6532866288443907,82,True,False,False,False,False,False
563,4,CDRA_Degradation,0,None,0.6441697561295252,83,True,False,False,False,False,False
564,4,CDRA_Degradation,0,None,0.7345724556478928,84,True,False,False,False,False,False
565,4,CDRA_Degradation,0,None,0.8762382883384365,85,True,False,False,False,False,False
566,4,CDRA_Degradation,0,None,0.8121215408325075,86,True,False,False,False,False,False
567,4,CDRA_Degradation,0,None,0.7797359753932381,87,True,False,False,False,False,False
568,4,CDRA_Degradation,0,None,0.7173194008295385,88,True,False,False,False,False,False
569,4,CDRA_Degradation,0,None,0.8958126313019013,89,True,False,False,False,False,False
570,4,CDRA_Degradation,0,None,0.8211415320454659,90,True,False,False,False,False,False
571,4,CDRA_Degradation,2,High_Noise,0.6154138298612859,91,True,False,False,False,False,False
572,4,CDRA_Degradation,0,None,0.7324634367940515,92,True,False,False,False,False,False
573,4,CDRA_Degradation,0,None,0.7262113861754893,93,True,False,False,False,False,False
574,4,CDRA_Degradation,0,None,0.799402153002867,94,True,False,False,False,False,False
575,4,CDRA_Degradation,0,None,0.7493761180709629,95,True,False,False,False,False,False
576,4,CDRA_Degradation,0,None,0.9993476876409322,96,True,False,False,False,False,False
577,4,CDRA_Degradation,0,None,0.7149830298169721,97,True,False,False,False,False,False
578,4,CDRA_Degradation,0,None,0.7591048256780494,98,True,False,False,False,False,False
579,4,CDRA_Degradation,3,Partial_Freeze,0.582084828379657,99,True,False,False,False,False,False
580,4,CDRA_Degradation,0,None,0.9329799325303902,100,True,False,False,False,False,False
581,4,CDRA_Degradation,0,None,0.932303860222913,101,True,False,False,False,False,False
582,4,CDRA_Degradation,0,None,1.0,102,True,False,False,False,False,False
583,4,CDRA_Degradation,0,None,0.9651953533977576,103,True,False,False,False,False,False
584,4,CDRA_Degradation,0,None,0.9248476751743292,104,True,False,False,False,False,False
585,4,CDRA_Degradation,0,None,0.8376359507286687,105,True,False,False,False,False,False
586,4,CDRA_Degradation,4,Spike_Outliers,0.8558252011218631,106,True,True,False,False,False,False
587,4,CDRA_Degradation,4,Spike_Outliers,0.8950253243265159,107,True,True,False,False,False,False
588,4,CDRA_Degradation,0,None,0.893809506529734,108,True,False,False,False,False,False
589,4,CDRA_Degradation,0,None,0.7564672184980673,109,True,False,False,False,False,False
590,4,CDRA_Degradation,0,None,0.9189055223614198,110,True,False,False,False,False,False
591,4,CDRA_Degradation,0,None,1.0,111,True,False,False,False,False,False
592,4,CDRA_Degradation,0,None,0.8343300327423383,112,True,False,False,False,False,False
593,4,CDRA_Degradation,0,None,0.9921761354821147,113,True,False,False,False,False,False
594,4,CDRA_Degradation,0,None,0.9255903635047068,114,True,False,False,False,False,False
595,4,CDRA_Degradation,0,None,0.9364798624009982,115,True,False,False,False,False,False
596,4,CDRA_Degradation,0,None,0.8355306505782966,116,True,False,False,False,False,False
597,4,CDRA_Degradation,0,None,0.9511207645718708,117,True,False,False,False,False,False
598,4,CDRA_Degradation,0,None,0.8824326731202399,118,True,False,False,False,False,False
599,4,CDRA_Degradation,0,None,1.0,119,True,False,False,False,False,False
600,5,OGA_Degradation,0,None,0.0015597925349255413,0,False,False,False,False,False,False
601,5,OGA_Degradation,0,None,0.0,1,False,False,False,False,False,False
602,5,OGA_Degradation,0,None,0.028319165835930506,2,False,False,False,False,False,False
603,5,OGA_Degradation,0,None,0.10653367503776545,3,False,False,False,False,False,False
604,5,OGA_Degradation,0,None,0.11077230085950499,4,False,False,False,False,False,False
605,5,OGA_Degradation,0,None,0.03016237268143329,5,False,False,False,False,False,False
606,5,OGA_Degradation,0,None,0.27757022093768,6,False,False,False,False,False,False
607,5,OGA_Degradation,0,None,0.018589734755577833,7,False,False,False,False,False,False
608,5,OGA_Degradation,0,None,0.06439148220803109,8,False,False,False,False,False,False
609,5,OGA_Degradation,4,Spike_Outliers,0.13300684358451584,9,True,True,False,False,False,False
610,5,OGA_Degradation,0,None,0.07361089547091759,10,False,False,False,False,False,False
611,5,OGA_Degradation,0,None,0.18159268565228248,11,False,False,False,False,False,False
612,5,OGA_Degradation,0,None,0.054945695973606073,12,False,False,False,False,False,False
613,5,OGA_Degradation,0,None,0.13288632956287516,13,False,False,False,False,False,False
614,5,OGA_Degradation,0,None,0.01661732279855875,14,False,False,False,False,False,False
615,5,OGA_Degradation,0,None,0.0,15,False,False,False,False,False,False
616,5,OGA_Degradation,0,None,0.06936072363159813,16,False,False,False,False,False,False
617,5,OGA_Degradation,0,None,0.09991291352824974,17,False,False,False,False,False,False
618,5,OGA_Degradation,0,None,0.21991185710150313,18,False,False,False,False,False,False
619,5,OGA_Degradation,0,None,0.2353892790872828,19,False,False,False,False,False,False
620,5,OGA_Degradation,0,None,0.3367873503471249,20,False,False,False,False,False,False
621,5,OGA_Degradation,4,Spike_Outliers,0.15671558991219084,21,False,False,False,False,False,False
622,5,OGA_Degradation,0,None,0.017377976840769055,22,False,False,False,False,False,False
623,5,OGA_Degradation,0,None,0.2227794922814581,23,False,False,False,False,False,False
624,5,OGA_Degradation,4,Spike_Outliers,0.1155567656493605,24,False,False,False,False,False,False
625,5,OGA_Degradation,0,None,0.3753388787695726,25,False,False,False,False,False,False
626,5,OGA_Degradation,3,Partial_Freeze,0.3282708841961507,26,False,False,False,False,False,False
627,5,OGA_Degradation,0,None,0.18213594594926832,27,False,False,False,False,False,False
628,5,OGA_Degradation,0,None,0.242563739555828,28,False,False,False,False,False,False
629,5,OGA_Degradation,0,None,0.1472919957834355,29,False,False,False,False,False,False
630,5,OGA_Degradation,0,None,0.44407812165594196,30,False,False,True,False,False,False
631,5,OGA_Degradation,0,None,0.2778620234344645,31,False,False,False,False,False,False
632,5,OGA_Degradation,0,None,0.17290847968201717,32,False,False,False,False,False,False
633,5,OGA_Degradation,0,None,0.14685589993213458,33,False,False,False,False,False,False
634,5,OGA_Degradation,4,Spike_Outliers,0.22389860933576292,34,True,True,False,False,False,False
635,5,OGA_Degradation,0,None,0.3523768148918679,35,False,False,False,False,False,False
636,5,OGA_Degradation,2,High_Noise,0.3328676678833091,36,False,False,False,False,False,False
637,5,OGA_Degradation,0,None,0.5436388566209214,37,False,False,True,False,False,False
638,5,OGA_Degradation,0,None,0.41369436639141466,38,False,False,True,False,False,False
639,5,OGA_Degradation,0,None,0.43722178993553035,39,False,False,True,False,False,False
640,5,OGA_Degradation,0,None,0.44458235217124714,40,False,False,True,False,False,False
641,5,OGA_Degradation,0,None,0.3377494272674273,41,False,False,False,False,False,False
642,5,OGA_Degradation,3,Partial_Freeze,0.36940683784214173,42,False,False,False,False,False,False
643,5,OGA_Degradation,0,None,0.33636516567070146,43,False,False,False,False,False,False
644,5,OGA_Degradation,0,None,0.2980149664609489,44,False,False,False,False,False,False
645,5,OGA_Degradation,0,None,0.1277028813893094,45,False,False,False,False,False,False
646,5,OGA_Degradation,0,None,0.45086087332155056,46,False,False,True,False,False,False
647,5,OGA_Degradation,0,None,0.3803375675382096,47,False,False,False,False,False,False
648,5,OGA_Degradation,0,None,0.5681655842448998,48,False,False,True,False,False,False
649,5,OGA_Degradation,0,None,0.44340053702827936,49,False,False,True,False,False,False
650,5,OGA_Degradation,0,None,0.4392779836597241,50,False,False,True,False,False,False
651,5,OGA_Degradation,0,None,0.5226268822291964,51,False,False,True,False,False,False
652,5,OGA_Degradation,0,None,0.338487101303165,52,False,False,False,False,False,False
653,5,OGA_Degradation,0,None,0.40309629852923234,53,False,False,True,False,False,False
654,5,OGA_Degradation,0,None,0.5239198501850977,54,False,False,True,False,False,False
655,5,OGA_Degradation,0,None,0.5673680209994674,55,False,False,True,False,False,False
656,5,OGA_Degradation,1,Bias_Drift,0.4461455067620233,56,False,False,True,False,False,False
657,5,OGA_Degradation,0,None,0.2710341590545233,57,False,False,False,False,False,False
658,5,OGA_Degradation,1,Bias_Drift,0.3351336328112653,58,False,False,False,False,False,False
659,5,OGA_Degradation,0,None,0.5076111765078637,59,False,False,True,False,False,False
660,5,OGA_Degradation,0,None,0.47377259431258123,60,False,False,True,False,False,False
661,5,OGA_Degradation,0,None,0.5782766522050259,61,False,False,True,False,False,False
662,5,OGA_Degradation,0,None,0.6136278327142269,62,False,False,True,False,False,False
663,5,OGA_Degradation,0,None,0.5608090567924355,63,False,False,True,False,False,False
664,5,OGA_Degradation,0,None,0.6788243954864153,64,False,False,True,False,False,False
665,5,OGA_Degradation,0,None,0.5975869405405314,65,False,False,True,False,False,False
666,5,OGA_Degradation,0,None,0.5490975206359178,66,False,False,True,False,False,False
667,5,OGA_Degradation,1,Bias_Drift,0.45250838648459796,67,False,False,True,False,False,False
668,5,OGA_Degradation,0,None,0.5766663903266068,68,False,False,True,False,False,False
669,5,OGA_Degradation,2,High_Noise,0.4550678049670909,69,False,False,True,False,False,False
670,5,OGA_Degradation,0,None,0.5606610850906757,70,False,False,True,False,False,False
671,5,OGA_Degradation,0,None,0.5286750816561242,71,False,False,True,False,False,False
672,5,OGA_Degradation,0,None,0.47897252433270926,72,False,False,True,False,False,False
673,5,OGA_Degradation,4,Spike_Outliers,0.6562369229889723,73,False,False,True,False,False,False
674,5,OGA_Degradation,0,None,0.6669198620026907,74,False,False,True,False,False,False
675,5,OGA_Degradation,0,None,0.4920415538523488,75,False,False,True,False,False,False
676,5,OGA_Degradation,0,None,0.6526984316072368,76,False,False,True,False,False,False
677,5,OGA_Degradation,0,None,0.5982886036274143,77,False,False,True,False,False,False
678,5,OGA_Degradation,0,None,0.6513120920938993,78,False,False,True,False,False,False
679,5,OGA_Degradation,0,None,0.6232577110447419,79,False,False,True,False,False,False
680,5,OGA_Degradation,0,None,0.7260615994728775,80,False,False,True,False,False,False
681,5,OGA_Degradation,0,None,0.8251905279585752,81,False,False,True,False,False,False
682,5,OGA_Degradation,0,None,0.745978736737553,82,False,False,True,False,False,False
683,5,OGA_Degradation,0,None,0.6346659407198383,83,False,False,True,False,False,False
684,5,OGA_Degradation,0,None,0.7663145776173403,84,False,False,True,False,False,False
685,5,OGA_Degradation,0,None,0.6812324034379694,85,False,False,True,False,False,False
686,5,OGA_Degradation,0,None,0.7851020167346378,86,False,False,True,False,False,False
687,5,OGA_Degradation,0,None,0.7832043270994241,87,False,False,True,False,False,False
688,5,OGA_Degradation,0,None,0.5998085321579307,88,False,False,True,False,False,False
689,5,OGA_Degradation,3,Partial_Freeze,0.589942211787192,89,False,False,True,False,False,False
690,5,OGA_Degradation,0,None,0.750878851806651,90,False,False,True,False,False,False
691,5,OGA_Degradation,0,None,0.7380234951995958,91,False,False,True,False,False,False
692,5,OGA_Degradation,0,None,0.8417976208041407,92,False,False,True,False,False,False
693,5,OGA_Degradation,1,Bias_Drift,1.0,93,False,False,True,False,False,False
694,5,OGA_Degradation,0,None,0.8878689468471306,94,False,False,True,False,False,False
695,5,OGA_Degradation,0,None,0.6490831072310244,95,False,False,True,False,False,False
696,5,OGA_Degradation,0,None,0.9020015030128714,96,False,False,True,False,False,False
697,5,OGA_Degradation,0,None,0.7891728336890772,97,False,False,True,False,False,False
698,5,OGA_Degradation,1,Bias_Drift,0.8551765369452946,98,False,False,True,False,False,False
699,5,OGA_Degradation,0,None,0.8261867473710366,99,False,False,True,False,False,False
700,5,OGA_Degradation,0,None,0.6776887643348949,100,False,False,True,False,False,False
701,5,OGA_Degradation,0,None,0.9662039720504301,101,False,False,True,False,False,False
702,5,OGA_Degradation,0,None,0.7800197557584901,102,False,False,True,False,False,False
703,5,OGA_Degradation,0,None,0.7288780394107366,103,False,False,True,False,False,False
704,5,OGA_Degradation,0,None,0.8109477314085076,104,False,False,True,False,False,False
705,5,OGA_Degradation,0,None,0.8484960191346744,105,False,False,True,False,False,False
706,5,OGA_Degradation,3,Partial_Freeze,0.7263434961876558,106,False,False,True,False,False,False
707,5,OGA_Degradation,0,None,0.7923395507235587,107,False,False,True,False,False,False
708,5,OGA_Degradation,0,None,0.7574146301774365,108,False,False,True,False,False,False
709,5,OGA_Degradation,0,None,1.0,109,False,False,True,False,False,False
710,5,OGA_Degradation,0,None,0.9290071242637905,110,False,False,True,False,False,False
711,5,OGA_Degradation,0,None,0.9585571496375749,111,False,False,True,False,False,False
712,5,OGA_Degradation,2,High_Noise,1.0,112,False,False,True,False,False,False
713,5,OGA_Degradation,0,None,0.8857006999983159,113,False,False,True,False,False,False
714,5,OGA_Degradation,0,None,0.9330830048467876,114,False,False,True,False,False,False
715,5,OGA_Degradation,0,None,0.9471367396641692,115,False,False,True,False,False,False
716,5,OGA_Degradation,0,None,0.9706708953015875,116,False,False,True,False,False,False
717,5,OGA_Degradation,0,None,0.9766664299766269,117,False,False,True,False,False,False
718,5,OGA_Degradation,0,None,0.9891188233761806,118,False,False,True,False,False,False
719,5,OGA_Degradation,0,None,1.0,119,False,False,True,False,False,False
